shem,670652b7-f060-36ce-89ca-fd1f7aebde97
talal9650,2ec97ff0-88c8-37b1-abf0-37345d91b13e
ms7gamer,4f7ec360-a2d2-3582-af14-b7966107d73b
5haledx,e9d511f1-3cd2-3733-84f1-ab02b1ab172a
vwashy,9b28d3e2-764e-32c4-8152-6e0d250269aa
xlunaq,76007999-bd8d-301e-8d95-95c934d08679
gr_x,0cce2e3f-56c4-34ed-a282-ef5bc804ee04
krb_11ii,2139b7ef-8270-3a36-a1c6-619a628415d0
dx17,4dac8b94-ebbc-3426-a5d0-e01e41b5f526
saudujin,5134f2a0-7977-3a4c-b077-697996cdb611
steeldeadeye,469d6828-5100-3fb3-8b94-c7c753f624b6
dkgs,464673a5-9f34-3e19-8b17-9f8a665b2f2c
o1ekw,aca064d6-26c1-3284-913e-62fa4e1a29f3
n1fnf,eb73617d-efce-3e9e-af75-253bdf1cdecd
little_amari,7d4d8e0f-6bc1-34ee-be9f-0b494954d024
7xgb,8e17dc3d-d937-31a3-9b6f-86730c850c03
laith_agn,17468058-0852-3791-95a7-6a48f4c9a563
orlov_who,eb96e91e-cb41-3d85-bd86-90f9be8a7e28
tallerthanshort,593dd62c-970e-3b44-8634-ae2dfdc0f4b2
x1azr,eafd8d24-9a2f-36e8-9865-20beab362483
harz2,b8910706-8d66-3502-8199-bb442e9b9142
grenaud_,288ef007-2038-347f-b9c7-a1d1113c6201
mody246,bb131e93-5ce4-3a7a-a299-414ba9d25169
a7m4d12,5a9469a0-acc1-30a0-963a-7b35c004ccee
fahad,8f2aa627-d1bc-3f01-995b-a9588d0bfdf3
kira,23dfe053-4291-3471-b963-cc91a27b870b
mody2312,5489f281-7cff-303a-922c-30334ea4992f
alawdiv,8c8fb77e-a16c-3d2d-825e-eabbf5ed3ff8
majoramari,09cc1513-af9f-3193-9037-9961512ac1f1
baderb77,199ae1d9-f236-3f57-b8cd-1791baaede10
marwan,f9ca0ba4-39c4-31d4-a02e-80592e9dd31f
adamatamne123,ab9f8171-e1e5-3441-955b-6a913175e0de
griggo,5703bee2-de04-3206-9109-f3ef166d711b
belle_delphine,84f18751-fe10-30ae-9769-958e082dfcaf
4ksr,d277ee33-0b3e-3838-8987-3f1c9b54a943
dark_wolf_q8,1543c1af-04fc-3ef3-8cb9-1511d75b7736
aithelwulv,841f6430-bc5b-3175-8e8e-e36e4363e639
makexout17,85793111-354e-3355-bc90-c141b6d4727e
amata_milk,356fcdbf-a4a3-3a71-b09b-cd08f9ba6d2c
belledelphine,09f13024-3d63-3187-9e53-1fa2d93c9765
darkussnull,d7d5a4db-2b91-3a82-be26-90a407b3dd53
anonymousm7,f7c05140-01b5-3567-a574-b6a5be8bf4b6
zxo8,106ab3ea-b016-3043-b3de-4009f2007521
odx17,07b70fb7-0372-30e3-8e92-1d4e50450b33
bilal,723ba2fa-10de-310d-9bbb-1a8c290f08b6
hmsh_101,fc690167-7b2a-3d5d-aa52-a9c08ad6ae5a
aqdu,9cc15e78-bc30-3dce-84f9-17049cbca2ba
mohamed_harame,402ea102-6479-3e7b-aa9b-b2febcc7ac9c
iimo,53b26d4e-af55-3ca9-b5ea-a8819423b767
spect1r,fae378e5-601f-3891-b5cb-40d67d5ebac2
lugwed,e53575c3-0f32-3120-a59e-39c5b55ed4a9
trop1er,d34c47c5-5b35-34a3-9893-1b587bebf1af
mtiger8,f02337a4-a99f-3a7b-b70b-6c75a5aab8e9
malkd5l,79190c0f-0c6f-3067-be43-3c1bdf04b6f5
youssif123,b114c85c-3525-30c2-8b7f-756164f4bb55
nobe8787,a8d4a326-6c9d-3ee0-934f-81b0a073d1f1
lilnemo2,3607d31f-23c4-3162-8567-4ed411c966d8
abdullah111ali,3c21c832-ae40-3d7f-b742-bbd827531df0
youssif,70da1300-deed-3c1f-854a-a827859f058f
abodymnms,3942bb83-9c9c-3662-bf8d-3db4edc9b9b9
hemo0o2020,e055d298-5164-3977-be08-94f004d6eae0
